{
  "architecture": "gin",
  "attention_heads": 4,
  "best_epoch": 22,
  "best_val_accuracy": 0.4740740740740741,
  "best_val_auc": 0.597608024691358,
  "best_val_f1": 0.16470588235294117,
  "dropout": 0.2,
  "hidden_channels": 256,
  "num_layers": 4,
  "num_node_features": 48,
  "pooling": "mean",
  "residual": false,
  "run_dir": "out/training_runs/oct17_comparison/20251018T181219Z",
  "trained_at": "2025-10-18T18:12:19.561253+00:00"
}