{
  "architecture": "sage",
  "attention_heads": 4,
  "best_epoch": 5,
  "best_val_accuracy": 0.7112676056338029,
  "best_val_auc": 0.8086248012718601,
  "best_val_f1": 0.6962962962962963,
  "dropout": 0.2,
  "hidden_channels": 256,
  "num_layers": 4,
  "num_node_features": 40,
  "pooling": "mean",
  "residual": false,
  "run_dir": "experiments/runs/gnn/statement_level_sage/20251010T183755Z",
  "trained_at": "2025-10-10T18:37:55.754648+00:00"
}