surprise,dynamic_lr
62088.41713817421,620.8941713817421
0.0,0.01
0.0,0.01
