{
  "epoch": [
    1,
    2,
    3,
    4,
    5
  ],
  "loss": [
    1.2934407472610474,
    0.609436662197113,
    0.5415024998784065,
    0.44438962638378143,
    0.38918534606695177
  ],
  "lr": [
    0.00027163902366467965,
    0.00019738902366467964,
    0.00010561097633532029,
    3.136097633532031e-05,
    2.9999999999999997e-06
  ]
}